probe_id,x,y,z,r,scaled_distance,arrival_time_s,peak_overpressure_pa,impulse_pa_s,status
1,0.15234375,0.00390625,0.00390625,0.15244387735224887,0.16071185383951514,8e-06,9189414.39763633,1142.617409198771,ok
2,0.25390625,0.00390625,0.00390625,0.2539663390435581,0.26774050797864296,3.7e-05,7494430.88591989,312.75884329372076,ok
3,0.34765625,0.00390625,0.00390625,0.34770013767927604,0.366558071581789,7.2e-05,5750937.43978665,245.39739325580604,ok
4,0.44921875,0.00390625,0.00390625,0.44925271610719003,0.473618475874845,0.000115,4023872.47921837,302.9903231963134,ok
